{
  "FileVersion": 2,
  "Id": "3c80b001-e165-4e0e-a92d-5767cf4fb1f8",
  "Items": [
    {
      "Id": "1dc49fdb-5f81-4e67-b00d-73fd9b974d2c",
      "Command": "--p2c-allow-tearing"
    },
    {
      "Id": "070d8dbb-d8f5-454d-ae83-baf060dcd1a5",
      "Command": "--p2c-no-net-fail"
    },
    {
      "Id": "f8cae6d1-4f95-472b-945d-8f51fdeb0aee",
      "Command": "--p2c-log-black"
    },
    {
      "Id": "4f37c40f-bf0a-4f65-a732-26f5ebdd215b",
      "Command": "--p2c-files-working"
    },
    {
      "Id": "85807b6c-301d-4b9b-9f63-28ec30c95fb1",
      "Command": "--p2c-verbose"
    },
    {
      "Id": "892e9566-9271-49a0-8eea-4c1750a4c3bb",
      "Command": "--p2c-url \"http://localhost:8080/\""
    },
    {
      "Id": "84d92b33-37d5-43e8-b7ed-fe8bf667b0fd",
      "Command": "--p2c-url \"https://google.com\""
    }
  ]
}