{
  "FileVersion": 2,
  "Id": "3c80b001-e165-4e0e-a92d-5767cf4fb1f8",
  "Items": [
    {
      "Id": "68df55d8-bc72-4454-b591-f82e6968f905",
      "Command": "standalone-svc",
      "Items": [
        {
          "Id": "26627e74-25b8-48b2-8801-e4a4ff273b75",
          "Command": "--p2c-control-pipe \"\\\\.\\pipe\\eff\""
        },
        {
          "Id": "fa923157-5981-494d-b492-569bc67f6af4",
          "Command": "--p2c-shm-name pm_my_intro"
        }
      ]
    },
    {
      "Id": "ad3a92d5-fa0a-4753-be99-dba98f1bbb2c",
      "Command": "--p2c-svc-as-child"
    },
    {
      "Id": "04791b9f-ca9c-4ced-a572-c50f972877a3",
      "Command": "--p2c-files-working"
    },
    {
      "Id": "f2f9d663-3ac6-4f2a-b62c-6defb750e639",
      "Command": "--p2c-log-level debug"
    },
    {
      "Id": "8244ec79-0c35-4e62-b3b0-36b5efffa371",
      "Command": "--p2c-log-level verbose"
    },
    {
      "Id": "8634f48b-7ed1-45af-8b73-5973c7b4b3c7",
      "Command": "--p2c-log-svc-pipe-enable"
    },
    {
      "Id": "b0fec119-97eb-46b4-bdd7-e1eb8b857c45",
      "Command": "--p2c-middleware-dll-path .\\PresentMonAPI2.dll"
    },
    {
      "Id": "0fb8cd38-1cf3-417f-a81c-894f60801ce8",
      "Command": "--p2c-log-middleware-copy"
    },
    {
      "Id": "bc2faf34-6d97-458c-8ff1-67f3102617da",
      "Command": "--p2c-enable-ui-dev-options"
    },
    {
      "Id": "3cfde9b7-02ee-4be8-b351-ea76191989a7",
      "Command": "--p2c-enable-timestamp-column"
    },
    {
      "Id": "613c6ffc-013b-41c6-84db-eb54d1a0c3df",
      "Command": "--p2c-url \"http://localhost:5173\""
    },
    {
      "Id": "ba03a214-d200-4c5b-802b-52b2e44baadf",
      "Command": "--p2c-enable-diagnostic"
    },
    {
      "Id": "f7483465-0c24-4c48-b3ac-e27310feb3a1",
      "Command": "--p2c-log-allow-list \"b stak.txt\""
    },
    {
      "Id": "72b2a6c6-ef95-4c88-89db-e3e601ecb3e0",
      "Command": "--p2c-log-deny-list \"b stak.txt\""
    },
    {
      "Id": "b8037124-662e-4823-9248-a2242ea02142",
      "Command": "--p2c-log-folder C:\\scratch"
    },
    {
      "Id": "94236dab-b7fa-4401-a163-f7ceee4e8fe1",
      "Command": "--p2c-log-trace-level warning"
    },
    {
      "Id": "00da8547-bd17-45b6-84a7-8d4e51ba4b62",
      "Command": "--p2c-allow-tearing"
    },
    {
      "Id": "97d3977e-2f1d-49f0-8956-03fbf7ac96ea",
      "Command": "--p2c-disable-alpha"
    },
    {
      "Id": "fc633c46-6b09-43e6-9c02-3e4817ef382e",
      "Command": "--p2c-debug-wait-render"
    },
    {
      "Id": "f556bf27-cb7e-4a17-a7cb-3c0400aeb7d1",
      "Command": "--p2c-debug-wait-client"
    },
    {
      "Id": "92d25458-0b38-4e99-a582-49f0c90979c2",
      "Command": "--help"
    },
    {
      "Id": "55e7fd71-7671-4a27-9bc8-6c8ed651597f",
      "Command": "--remote-allow-origins=http://127.0.0.1:9009"
    }
  ]
}