{
   "signature": {
      "code": "p2c-cap-load",
      "version": "0.13.0"
   },
   "widgets": [
      {
         "key": 0,
         "metrics": [
            {
               "key": 5,
               "metric": {
                  "metricId": 3,
                  "arrayIndex": 0,
                  "deviceId": 0,
                  "statId": 7,
                  "desiredUnitId": 0
               },
               "lineColor": {
                  "r": 100,
                  "g": 255,
                  "b": 255,
                  "a": 0.8627450980392157
               },
               "fillColor": {
                  "r": 57,
                  "g": 210,
                  "b": 250,
                  "a": 0.09803921568627451
               },
               "axisAffinity": 0
            }
         ],
         "widgetType": 1,
         "showLabel": false,
         "fontSize": 20,
         "fontColor": {
            "r": 205,
            "g": 211,
            "b": 233,
            "a": 1
         },
         "backgroundColor": {
            "r": 45,
            "g": 50,
            "b": 96,
            "a": 0.4
         }
      },
      {
         "key": 1,
         "metrics": [
            {
               "key": 5,
               "metric": {
                  "metricId": 12,
                  "arrayIndex": 0,
                  "deviceId": 0,
                  "statId": 1,
                  "desiredUnitId": 0
               },
               "lineColor": {
                  "r": 100,
                  "g": 255,
                  "b": 255,
                  "a": 0.8627450980392157
               },
               "fillColor": {
                  "r": 57,
                  "g": 210,
                  "b": 250,
                  "a": 0.09803921568627451
               },
               "axisAffinity": 0
            }
         ],
         "widgetType": 1,
         "showLabel": false,
         "fontSize": 35,
         "fontColor": {
            "r": 100,
            "g": 255,
            "b": 255,
            "a": 0.86
         },
         "backgroundColor": {
            "r": 45,
            "g": 50,
            "b": 96,
            "a": 0.4
         }
      },
      {
         "key": 2,
         "metrics": [
            {
               "key": 10,
               "metric": {
                  "metricId": 12,
                  "arrayIndex": 0,
                  "deviceId": 0,
                  "statId": 5,
                  "desiredUnitId": 0
               },
               "lineColor": {
                  "r": 100,
                  "g": 255,
                  "b": 255,
                  "a": 0.8627450980392157
               },
               "fillColor": {
                  "r": 57,
                  "g": 210,
                  "b": 250,
                  "a": 0.09803921568627451
               },
               "axisAffinity": 0
            }
         ],
         "widgetType": 1,
         "showLabel": true,
         "fontSize": 11,
         "fontColor": {
            "r": 205,
            "g": 211,
            "b": 233,
            "a": 1
         },
         "backgroundColor": {
            "r": 45,
            "g": 50,
            "b": 96,
            "a": 0.4
         }
      },
      {
         "key": 3,
         "metrics": [
            {
               "key": 6,
               "metric": {
                  "metricId": 87,
                  "arrayIndex": 0,
                  "deviceId": 0,
                  "statId": 1,
                  "desiredUnitId": 0
               },
               "lineColor": {
                  "r": 100,
                  "g": 255,
                  "b": 255,
                  "a": 0.8627450980392157
               },
               "fillColor": {
                  "r": 57,
                  "g": 210,
                  "b": 250,
                  "a": 0.09803921568627451
               },
               "axisAffinity": 0
            }
         ],
         "widgetType": 0,
         "height": 80,
         "vDivs": 4,
         "hDivs": 40,
         "showBottomAxis": false,
         "graphType": {
            "name": "Line",
            "range": [
               0,
               150
            ],
            "rangeRight": [
               0,
               150
            ],
            "binCount": 40,
            "countRange": [
               0,
               1000
            ],
            "autoLeft": true,
            "autoRight": true,
            "autoCount": false
         },
         "gridColor": {
            "r": 47,
            "g": 120,
            "b": 190,
            "a": 0.1568627450980392
         },
         "dividerColor": {
            "r": 57,
            "g": 126,
            "b": 150,
            "a": 0.8627450980392157
         },
         "backgroundColor": {
            "r": 0,
            "g": 0,
            "b": 0,
            "a": 0
         },
         "borderColor": {
            "r": 0,
            "g": 0,
            "b": 0,
            "a": 0
         },
         "textColor": {
            "r": 242,
            "g": 242,
            "b": 242,
            "a": 1
         },
         "textSize": 11
      }
   ]
}