{
  "FileVersion": 2,
  "Id": "f9bd47f5-4aa3-4ba3-91f2-2ac7b270299c",
  "Items": [
    {
      "Id": "0f02ddbd-6110-43dd-982a-900bffd8549c",
      "Command": "--input-file original.etl"
    },
    {
      "Id": "f3106862-df2c-4138-802c-c0fd1bed132d",
      "Command": "--input-file hea-win.etl"
    },
    {
      "Id": "ca527fdf-cf0c-4bc6-a5e5-362394a8487d",
      "Command": "--output-file output-trim-start.etl"
    },
    {
      "Id": "df1b242f-0b8c-4871-9bf8-6877fca7a4f1",
      "Command": "--trim-range-qpc  114450000000 114550000000"
    },
    {
      "Id": "fc5883f2-a0e9-4d45-8e95-199ec1c499d2",
      "Command": "--trim-range-ms 15000 17000"
    },
    {
      "Id": "d5415649-1bf4-47d6-bf82-fcdaba5ee851",
      "Command": "--trim-range-ns 15,000,000,000 17,000,000,000"
    },
    {
      "Id": "a220f802-99a4-436a-b30f-821a39c2042e",
      "Command": "-pe"
    },
    {
      "Id": "72aa3f3a-db72-48e5-93ec-11ef00ccf00e",
      "Command": "--trim-state"
    },
    {
      "Id": "57780d91-1c4e-41e3-be08-af75d87aa4f5",
      "Command": "--list-processes"
    },
    {
      "Id": "ee3aa6c6-1568-4347-8847-ad556ceedbdd",
      "Command": "--help"
    }
  ]
}